RELATIVE_PATH,COMPANY_TICKER,EXTRACTED_DATA,BRANDING
CTLG_Earnings_Infographic_FY25-Q2.png,CTLG,"{
  ""error"": null,
  ""response"": {
    ""company_name"": ""CatalogX"",
    ""customers_1m_plus"": ""185"",
    ""free_cash_flow"": ""-$22M"",
    ""gross_margin"": ""70%"",
    ""nrr"": ""132%"",
    ""operating_margin"": ""-35%"",
    ""product_revenue"": ""$42.5M"",
    ""report_period"": ""Q2 FY2023"",
    ""rpo"": ""$156M"",
    ""rpo_growth"": ""+180%"",
    ""services_revenue"": ""$5.5M"",
    ""text"": ""deliver comprehensive metadata management, lineage tracking, and access control that spans multiple platforms and tools"",
    ""ticker"": ""CTLG"",
    ""total_customers"": ""1124"",
    ""total_revenue"": ""$48M"",
    ""yoy_growth"": ""174%""
  }
}","# CatalogX (CTLG) Branding Analysis

## **Color Scheme**
- **Dark slate blue/charcoal background**: Conveys professionalism, enterprise-grade reliability, and technical sophistication
- **White text**: Ensures clarity and readability, suggesting transparency in data governance
- **Accent colors**: Blue (trust, stability), gold/yellow (premium value, success), orange shield logo (security, protection)

## **Visual Identity**
- **Shield logo**: Represents data protection, security, and governance
- **Clean, grid-based layout**: Reflects systematic organization and structured data management
- **Minimalist iconography**: Suggests streamlined, efficient processes

## **Mission Statement**
*""CatalogX provides the unified governance layer for the modern data stack, making data governance no longer optional but systematically manageable across heterogeneous environments.""*

## **Key Business Overview**
- **Cross-Platform Governance** solution for enterprise data management
- **$48M total revenue** with 174% YoY growth indicating rapid market adoption
- **Strong financial metrics**: 70% gross margin, 132% NRR, $156M RPO
- **Enterprise focus**: 185 customers generating $1M+ revenue each
- **Comprehensive data governance** spanning multiple platforms (SNOW, QRVQ, ICBG, STRM, VLTA, DFLX)
- **Value proposition**: 30-40% cost savings while ensuring enterprise-ready compliance and security

## **Brand Positioning**
- **Enterprise-grade data governance leader**
- **Cross-platform unification specialist**
- **Compliance and security-focused**
- **High-growth, premium-positioned SaaS solution**"
DFLX_Earnings_Infographic_FY25-Q2.png,DFLX,"{
  ""error"": null,
  ""response"": {
    ""company_name"": ""DataFlex Analytics"",
    ""customers_1m_plus"": ""248"",
    ""free_cash_flow"": ""$8.5M"",
    ""gross_margin"": ""75%"",
    ""nrr"": ""78%"",
    ""operating_margin"": ""-9%"",
    ""product_revenue"": ""$62M"",
    ""report_period"": ""Q2 FY2025"",
    ""rpo"": ""$185M"",
    ""rpo_growth"": ""+28%"",
    ""services_revenue"": ""$5M"",
    ""text"": ""DataFlex Analytics is a data-source-agnostic business intelligence and visualization platform that operates as the Switzerland of the BI ecosystem. Our mission is to help organizations extract actionable insights from wherever their data lives, without forcing them into proprietary storage solutions. We explicitly position ourselves as not competing in data storage--instead, we provide a single pane of glass across SNOW, QRYQ, ICBG, and other platforms seamlessly."",
    ""ticker"": ""DFLX"",
    ""total_customers"": ""1847"",
    ""total_revenue"": ""$67M"",
    ""yoy_growth"": ""24%""
  }
}","# DataFlex Analytics (DFLX) Branding Analysis

## Color Scheme Meaning
- **Dominant Green Palette**: Conveys growth, prosperity, financial success, and stability
- **Monochromatic Green Design**: Suggests consistency, reliability, and professional focus
- **White Text/Accents**: Represents clarity, transparency, and clean data presentation
- **Subtle Gradient Effects**: Implies sophistication and modern technology approach

## Mission Statement
**""Switzerland of the BI ecosystem""** - Positioning as neutral, reliable, and premium solution provider

**Core Mission**: Help organizations extract actionable insights from data across multiple platforms without proprietary storage lock-in

## Key Business Overview
- **Platform-Agnostic BI Solution** for Q2 FY2025
- **$67M Total Revenue** (24% YoY growth)
- **Strong Financial Metrics**: 78% NRR, 75% Gross Margin
- **Customer Base**: 1,847 total customers, 248 $1M+ customers
- **Revenue Split**: $62M Product, $5M Services
- **Operational Challenge**: -9% Operating Margin indicates scaling investments

## Strategic Positioning
- **Integration-Focused**: Seamless connectivity across SNOW, QRVD, ICBG platforms
- **Partnership Model**: Collaborative approach with STRM, VLTA, CTLG
- **Multiplicative Business Model**: Win-win partnerships rather than zero-sum competition
- **Universal BI Integration**: Best-of-breed solution strategy"
GAME_Earnings_Infographic_FY25-Q3.png,GAME,"{
  ""error"": null,
  ""response"": {
    ""company_name"": ""GameMetrics"",
    ""customers_1m_plus"": ""34"",
    ""free_cash_flow"": ""-$8M"",
    ""gross_margin"": ""67%"",
    ""nrr"": ""125%"",
    ""operating_margin"": ""-10%"",
    ""product_revenue"": ""$148M"",
    ""report_period"": ""Q3 FY2025"",
    ""rpo"": ""None"",
    ""rpo_growth"": ""None"",
    ""services_revenue"": ""$19M"",
    ""text"": ""GameMetrics provides gaming analytics infrastructure for game developers and publishers."",
    ""ticker"": ""GAME"",
    ""total_customers"": ""890"",
    ""total_revenue"": ""$167M"",
    ""yoy_growth"": ""287%""
  }
}","# GameMetrics (GAME) Branding Analysis

## Color Scheme Meaning

**Purple Gradient Palette**
- **Premium & Innovation**: Deep purple conveys luxury, sophistication, and cutting-edge technology
- **Gaming Industry Alignment**: Purple is strongly associated with gaming, esports, and digital entertainment
- **Trust & Reliability**: Darker purples suggest stability and professional expertise
- **Creative Energy**: Vibrant purple tones communicate innovation and forward-thinking approach

## Mission Statement

**Core Purpose**: Gaming analytics infrastructure provider for game developers and publishers

**Value Proposition**: 
- Real-time analytics platform using Querybase, StreamPipe, and DataFlex
- Serves 890+ customers including major game studios and mobile gaming companies
- Focus on free-to-play and live service games for revenue optimization

## Key Brand Overview

**Market Position**: Growth leader in gaming vertical analytics

**Brand Personality**:
- **Data-Driven**: Emphasis on metrics, analytics, and quantifiable results
- **Scalable**: Modular architecture for technically sophisticated development teams
- **Growth-Focused**: 287% growth trajectory positioning as industry disruptor
- **Professional**: B2B enterprise focus with premium service offerings

**Strategic Messaging**: 
- Investment phase prioritizing growth over immediate profitability
- Industry transformation leader in data-driven game development
- Technical sophistication meeting practical business needs"
ICBG_Earnings_Infographic_FY25-Q2.png,ICBG,"{
  ""error"": null,
  ""response"": {
    ""company_name"": ""ICBG Data Systems"",
    ""customers_1m_plus"": ""267"",
    ""free_cash_flow"": ""-$45M"",
    ""gross_margin"": ""70%"",
    ""nrr"": ""138%"",
    ""operating_margin"": ""-24%"",
    ""product_revenue"": ""$79M"",
    ""report_period"": ""Q2 FY2025"",
    ""rpo"": ""$245M"",
    ""rpo_growth"": ""178%"",
    ""services_revenue"": ""$8M"",
    ""text"": ""ICBG Data Systems delivers an open data lakehouse platform built on Apache Iceberg, championing openness and interoperability to eliminate vendor lock-in. Our mission is to democratize data infrastructure through open table formats that give customers full ownership and control of their data. We position ourselves as the 'Switzerland' of data platforms, differentiating from SNOW's proprietary ecosystem and QRYQ's managed service approach."",
    ""ticker"": ""ICBG"",
    ""total_customers"": ""847"",
    ""total_revenue"": ""$87M"",
    ""yoy_growth"": ""156%""
  }
}","# ICBG Branding Analysis

## **Color Scheme**
- **Primary**: Vibrant turquoise/teal gradient
- **Accent**: White text with subtle transparency effects
- **Meaning**: 
  - Trust and reliability in data handling
  - Innovation and technological advancement
  - Freshness and modernity in approach
  - Professional yet approachable tech company

## **Visual Design Elements**
- Clean, minimalist dashboard layout
- Card-based information architecture
- Subtle iconography (diamond, star, charts, gears)
- Modern typography with clear hierarchy

## **Mission Statement**
""Democratize data infrastructure through open table formats that give customers full ownership and control of their data""

## **Key Brand Positioning**
- **""Switzerland of data platforms""** - Neutral, trustworthy intermediary
- **Open-source champion** - Anti-vendor lock-in philosophy
- **Enterprise-focused** - Targeting future-proof architectures
- **Flexibility-first** - Customer choice and architectural freedom

## **Strategic Differentiation**
- Positions against proprietary ecosystems (Snowflake, Oracle)
- Emphasizes openness vs. managed services
- Partners with major platforms (Databricks, Spark, ML workloads)
- Creates best-of-breed ecosystem approach

## **Brand Values Conveyed**
- Transparency and openness
- Customer empowerment
- Technical innovation
- Enterprise reliability
- Vendor independence"
MKTG_Earnings_Infographic_FY25-Q3.png,MKTG,"{
  ""error"": null,
  ""response"": {
    ""company_name"": ""Marketing Analytics (MKTG)"",
    ""customers_1m_plus"": ""22"",
    ""free_cash_flow"": ""-$16M"",
    ""gross_margin"": ""64%"",
    ""nrr"": ""105%"",
    ""operating_margin"": ""-40%"",
    ""product_revenue"": ""$42M"",
    ""report_period"": ""Q3 FY2025"",
    ""rpo"": ""None"",
    ""rpo_growth"": ""None"",
    ""services_revenue"": ""$8M"",
    ""text"": ""Marketing Analytics provides marketing performance analytics and campaign attribution for small to mid-market businesses"",
    ""ticker"": ""MKTG"",
    ""total_customers"": ""620"",
    ""total_revenue"": ""$50M"",
    ""yoy_growth"": ""156%""
  }
}","# Marketing Analytics (MKTG) Brand Analysis

## Color Scheme Interpretation

**Dominant Colors:**
- **Burnt Orange/Rust Red Background**: Conveys urgency, warning, and energy - appropriate for a company in distress
- **White Text**: Provides stark contrast for clarity and transparency in financial reporting
- **Yellow Warning Icons**: Reinforces alert status and risk communication
- **Muted Earth Tones**: Suggests stability and reliability despite current challenges

**Color Psychology:**
- Warm palette creates approachable yet serious tone
- Orange suggests innovation and enthusiasm while acknowledging current difficulties
- Professional color balance maintains credibility during crisis communication

## Mission Statement

**Core Purpose:**
Marketing Analytics provides marketing performance analytics and campaign attribution for small to mid-market businesses

**Value Proposition:**
- Specialized analytics solutions for SMB market segment
- Focus on marketing performance measurement and attribution
- Targeted service delivery for underserved mid-market niche

## Key Business Overview

**Financial Performance:**
- **Revenue Growth**: Strong 156% YoY growth reaching $50M total revenue
- **Revenue Mix**: $42M product revenue, $8M services revenue
- **Customer Base**: 620 total customers with 22 high-value ($500K+) clients

**Critical Challenges:**
- **Profitability Crisis**: -40% operating margin, -$16M free cash flow
- **Market Position**: Competing against Adobe, Salesforce, and specialized vendors
- **Structural Issues**: Limited cross-sell opportunities, customer acquisition headwinds
- **Investment Concerns**: Minimal investor materials, transparency issues

**Risk Assessment:**
- **HIGH RISK** status with deteriorating financial health
- Severe cash burn threatening business continuity
- Competitive pressures intensifying in fragmented market
- Revenue retention challenges (105% NRR marked as ""weakest"")

**Strategic Positioning:**
Mid-market analytics provider caught between large platforms and specialized vendors, struggling with differentiation and path to profitability despite solid revenue growth."
NRNT_Earnings_Infographic_FY25-Q2.png,NRNT,"{
  ""error"": null,
  ""response"": {
    ""company_name"": ""Neuro-Nectar Corporation"",
    ""customers_1m_plus"": ""425"",
    ""free_cash_flow"": ""-$125M"",
    ""gross_margin"": ""66%"",
    ""nrr"": ""135%"",
    ""operating_margin"": ""None"",
    ""product_revenue"": ""$138M"",
    ""report_period"": ""Q2 FY2025"",
    ""rpo"": ""$420M"",
    ""rpo_growth"": ""+625%"",
    ""services_revenue"": ""$4M"",
    ""text"": ""to unlock human cognitive potential through innovative food science combined with AI optimization"",
    ""ticker"": ""NRNT"",
    ""total_customers"": ""1842"",
    ""total_revenue"": ""$142M"",
    ""yoy_growth"": ""487%""
  }
}","# NRNT - Neuro-Nectar Corporation Branding Analysis

## **Color Scheme Meaning**
- **Pink-to-Purple Gradient**: Represents innovation, creativity, and futuristic technology
- **Brain Iconography**: Reinforces cognitive enhancement focus
- **Vibrant Accent Colors**: Suggests energy, vitality, and mental stimulation
- **Dark Purple Footer**: Conveys professionalism and premium positioning

## **Mission Statement**
Neuro-Nectar Corporation is a cognitive enhancement company developing revolutionary AI-powered ice cream products claimed to enhance cognitive abilities through proprietary neurological formulations. Mission is to unlock human cognitive potential through innovative food science combined with AI optimization.

## **Key Business Overview**
- **Industry**: Cognitive Enhancement Technology + Food Science
- **Product**: AI-powered ice cream for cognitive enhancement
- **Target Market**: Q2 FY2025 focus with 28.4M units shipped
- **Business Model**: Disruptive food-tech hybrid positioning as ""black swan"" market threat
- **Growth Strategy**: Rapid market expansion with 487% year-over-year growth
- **Challenges**: Product quality issues, regulatory scrutiny, unproven technology claims

## **Financial Highlights**
- **Revenue**: $142M (554% growth)
- **Customer Base**: 1,842 total customers (425 $1M+ customers)
- **Gross Margin**: 66%
- **Net Revenue Retention**: 135%
- **Free Cash Flow**: -$125M (investment phase)"
PROP_Earnings_Infographic_FY25-Q1.png,PROP,"{
  ""error"": null,
  ""response"": {
    ""company_name"": ""PropTech Analytics"",
    ""customers_1m_plus"": ""18"",
    ""free_cash_flow"": ""-$18M"",
    ""gross_margin"": ""70%"",
    ""nrr"": ""110%"",
    ""operating_margin"": ""-33%"",
    ""product_revenue"": ""$58M"",
    ""report_period"": ""Q1 FY2025"",
    ""rpo"": ""None"",
    ""rpo_growth"": ""None"",
    ""services_revenue"": ""$9M"",
    ""text"": ""PropTech Analytics provides real estate data analytics for property managers, REITs, and real estate investors."",
    ""ticker"": ""PROP"",
    ""total_customers"": ""450"",
    ""total_revenue"": ""$67M"",
    ""yoy_growth"": ""234%""
  }
}","# PropTech Analytics (PROP) Branding Analysis

## Color Scheme Meaning
- **Deep Red/Burgundy Background**: Conveys stability, professionalism, and financial strength - appropriate for real estate sector
- **White Text**: Creates strong contrast for readability and suggests transparency/clarity in data
- **Accent Colors**: Blue icons suggest trust and reliability; gold/yellow elements indicate premium value and success

## Mission Statement
PropTech Analytics provides real estate data analytics for property managers, REITs, and real estate investors through platforms like OverBase for property/market intelligence, DataLake for facility/portfolio/compliance, and CatalogX for managing sensitive real estate information and compliance.

## Key Overview
- **Market Position**: Growth-stage PropTech company in commercial and residential property analytics
- **Core Focus**: Portfolio performance tracking, market trend analysis, occupancy optimization, and investment underwriting
- **Target Market**: 450+ customers including major REITs and property management firms
- **Competitive Challenge**: Faces competition from larger integrated platforms and enterprise penetration difficulties
- **Financial Profile**: Strong revenue growth (234% YoY) but operating at losses due to heavy investment in customer acquisition and product development
- **Business Model**: Dual revenue streams from products ($58M) and services ($9M) with high gross margins (70%) but negative operating margins (-33%)"
QRYQ_Earnings_Infographic_FY25-Q2.png,QRYQ,"{
  ""error"": null,
  ""response"": {
    ""company_name"": ""Querybase Technologies"",
    ""customers_1m_plus"": ""187"",
    ""free_cash_flow"": ""$312M"",
    ""gross_margin"": ""70%"",
    ""nrr"": ""142%"",
    ""operating_margin"": ""142%"",
    ""product_revenue"": ""$312M"",
    ""report_period"": ""Q2 FY2025"",
    ""rpo"": ""$312M"",
    ""rpo_growth"": ""295%"",
    ""services_revenue"": ""$312M"",
    ""text"": ""deliver the best-of-breed data ecosystem that combines openness with operational simplicity"",
    ""ticker"": ""QRYQ"",
    ""total_customers"": ""1456"",
    ""total_revenue"": ""$94M"",
    ""yoy_growth"": ""287%""
  }
}","# QRYQ (Querybase Technologies) Brand Analysis

## **Color Scheme Meaning**
- **Orange/Red Gradient**: Conveys energy, innovation, urgency, and aggressive growth
- **Dark Brown/Maroon Accents**: Suggests stability, reliability, and premium positioning
- **White Text**: Ensures clarity and professional contrast
- **Overall Warmth**: Communicates approachability while maintaining corporate authority

## **Mission Statement**
Aggressive cloud data warehouse competitor delivering superior price-performance with 2x better efficiency than market leaders through best-of-breed data ecosystem combining openness with operational simplicity.

## **Key Brand Overview**

### **Positioning**
- Price-Performance Leader in cloud data warehousing
- Direct competitor to Snowflake with enterprise-grade capabilities
- Anti-vendor lock-in philosophy

### **Value Proposition**
- 30-40% cost reduction through strategic partnerships
- Open architecture supporting iceberg table formats
- Fully managed service without DIY complexity
- 37% growth rate targeting fast-growing companies

### **Performance Metrics**
- **Revenue**: $94M (287% YoY growth)
- **Customer Base**: 1,456 customers
- **Tier Status**: $1M+ tier with 187 customers
- **Financial Health**: 142% NRR, 70% Gross Margin, 295% RPO Growth
- **Valuation**: $312M RPO

### **Brand Personality**
Disruptive, performance-focused, partnership-driven, and operationally efficient with emphasis on flexibility and enterprise scalability."
SNOW_Earnings_Infographic_FY25-Q2.png,SNOW,"{
  ""error"": null,
  ""response"": {
    ""company_name"": ""Snowflake Inc."",
    ""customers_1m_plus"": ""542"",
    ""free_cash_flow"": ""$544M"",
    ""gross_margin"": ""75%"",
    ""nrr"": ""84%"",
    ""operating_margin"": ""11%"",
    ""product_revenue"": ""$868M"",
    ""report_period"": ""Q2 FY2025"",
    ""rpo"": ""$5700M"",
    ""rpo_growth"": ""+38%"",
    ""services_revenue"": ""None"",
    ""text"": ""enable every organization to be data-driven by mobilizing the world's data"",
    ""ticker"": ""SNOW"",
    ""total_customers"": ""10,000"",
    ""total_revenue"": ""$900M"",
    ""yoy_growth"": ""29%""
  }
}","# Snowflake Inc. Branding Analysis

## Color Scheme Meaning

**Blue Gradient Palette**
- Deep ocean blue to lighter sky blue conveys trust, reliability, and technological sophistication
- Evokes feelings of depth and vastness, aligning with ""cloud"" and data storage concepts
- Professional corporate aesthetic suggesting stability and enterprise-grade solutions
- Cool tones communicate efficiency, logic, and analytical precision

## Mission Statement

**""Enable every organization to be data-driven by mobilizing the world's data""**

- Democratization of data access across all business sizes
- Global scale ambition with ""world's data"" positioning
- Empowerment-focused language emphasizing organizational transformation
- Action-oriented with ""mobilizing"" suggesting dynamic, active platform

## Key Brand Overview

**Market Position**
- Cloud data warehousing market leader
- Enterprise-focused B2B technology company
- Premium positioning with high-value customer metrics ($1M+ customers: 542)

**Value Proposition**
- Unified platform for data warehousing, sharing, and analytics
- Simplification of complex data challenges through integrated solutions
- Proprietary technology differentiation from competitors
- Enterprise infrastructure reliability focus

**Brand Personality**
- Authoritative and market-leading
- Innovation-driven with strong financial performance
- Professional and enterprise-grade
- Growth-oriented (29% YoY revenue growth, 38% RPO growth)"
STRM_Earnings_Infographic_FY25-Q2.png,STRM,"{
  ""error"": null,
  ""response"": {
    ""company_name"": ""StreamPipe Systems"",
    ""customers_1m_plus"": ""145"",
    ""free_cash_flow"": ""-$42M"",
    ""gross_margin"": ""71%"",
    ""nrr"": ""135%"",
    ""operating_margin"": ""71%"",
    ""product_revenue"": ""$48M"",
    ""report_period"": ""Q2 FY2025"",
    ""rpo"": ""$168M"",
    ""rpo_growth"": ""+20%"",
    ""services_revenue"": ""$3M"",
    ""text"": ""enable real-time data movement at scale, empowering organizations to shift from batch to streaming architectures"",
    ""ticker"": ""STRM"",
    ""total_customers"": ""723"",
    ""total_revenue"": ""$51M"",
    ""yoy_growth"": ""200%""
  }
}","# STRM StreamPipe Systems Branding Analysis

## Color Scheme Meaning
- **Purple/Violet Gradient**: Conveys innovation, technology sophistication, and premium positioning
- **Electric Blue Accents**: Suggests reliability, trust, and data flow/connectivity
- **Yellow/Gold Icons**: Represents value, success, and financial growth
- **Overall Tech Aesthetic**: Modern, digital-first, enterprise-grade solutions

## Mission Statement
StreamPipe Systems positions itself as the ""circulatory system of the modern data stack"" - enabling real-time streaming data integration with 300+ source and destination connectors to facilitate organizational shift from batch to streaming architectures.

## Key Brand Overview
- **Company Identity**: Data infrastructure specialist focused on real-time streaming
- **Value Proposition**: Source-agnostic, multi-destination data movement at scale
- **Differentiation**: Complete integration ecosystem vs. proprietary single-platform solutions
- **Target Market**: Enterprise organizations requiring mission-critical data infrastructure
- **Strategic Focus**: Land-and-expand model with partnerships across major cloud platforms
- **Core Competency**: Real-time data movement for fraud detection, supply chain optimization, and personalization use cases

## Performance Metrics Dashboard
- **Revenue Growth**: $51M total revenue (+200% YoY)
- **Customer Base**: 723 customers with 135% NRR
- **Product Portfolio**: $48M product revenue, $3M services
- **Market Position**: $168M RPO (+205% growth) indicating strong future pipeline"
VLTA_Earnings_Infographic_FY25-Q2.png,VLTA,"{
  ""error"": null,
  ""response"": {
    ""company_name"": ""Voltaic AI"",
    ""customers_1m_plus"": ""125"",
    ""free_cash_flow"": ""-98M"",
    ""gross_margin"": ""68%"",
    ""nrr"": ""145%"",
    ""operating_margin"": ""-60%"",
    ""product_revenue"": ""$69M"",
    ""report_period"": ""Q2 FY2025"",
    ""rpo"": ""$235M"",
    ""rpo_growth"": ""225%"",
    ""services_revenue"": ""$4M"",
    ""text"": ""to provide the infrastructure layer that enables enterprises to build, train, deploy, and manage AI models at Netflix-scale and Uber-scale complexity"",
    ""ticker"": ""VLTA"",
    ""total_customers"": ""287"",
    ""total_revenue"": ""$73M"",
    ""yoy_growth"": ""217%""
  }
}","# VLTA (Voltaic AI) Brand Analysis

## **Color Scheme Meaning**
- **Dark Brown/Black Background**: Premium, sophisticated, enterprise-grade reliability
- **Bright Orange/Gold Accents**: Energy, innovation, high performance, premium positioning
- **Lightning Bolt Icons**: Speed, power, electrical energy - reinforcing ""Voltaic"" brand name
- **Contrast Design**: Professional dashboard aesthetic targeting enterprise decision-makers

## **Mission Statement**
AI-first data platform for production-scale machine learning and AI workloads, providing infrastructure for enterprises to build, train, deploy, and manage AI models at Netflix-scale and Uber-scale complexity.

## **Key Brand Overview**
- **Positioning**: Enterprise AI infrastructure platform competing with major cloud providers
- **Target Market**: Large-scale enterprises requiring production AI capabilities
- **Value Proposition**: Comprehensive MLOps capabilities bridging simple ML and complex production AI
- **Competitive Strategy**: Specialized infrastructure with strategic partnerships (SNOW, QRVO, ICBG, STRM, DFLX, CTLG)
- **Investment Focus**: $34M quarterly R&D investment demonstrating commitment to innovation
- **Brand Promise**: Netflix/Uber-scale AI infrastructure with lifecycle management capabilities

## **Performance Indicators**
Strong growth metrics ($73M revenue, 217% YoY growth) supporting premium positioning and enterprise credibility in competitive AI infrastructure market."
